ticket_id	priority	status	summary
T0001	Medium	Open	Ticket summary 1
T0002	High	Open	Ticket summary 2
T0003	Low	Open	Ticket summary 3
T0004	Medium	Open	Ticket summary 4
T0005	High	Open	Ticket summary 5
T0006	Low	Open	Ticket summary 6
T0007	Medium	Open	Ticket summary 7
T0008	High	Open	Ticket summary 8
T0009	Low	Open	Ticket summary 9
T0010	Medium	Open	Ticket summary 10
T0011	High	Open	Ticket summary 11
T0012	Low	Open	Ticket summary 12
T0013	Medium	Open	Ticket summary 13
T0014	High	Open	Ticket summary 14
T0015	Low	Open	Ticket summary 15
T0016	Medium	Open	Ticket summary 16
T0017	High	Open	Ticket summary 17
T0018	Low	Open	Ticket summary 18
T0019	Medium	Open	Ticket summary 19
T0020	High	Open	Ticket summary 20
T0021	Low	Open	Ticket summary 21
T0022	Medium	Open	Ticket summary 22
T0023	High	Open	Ticket summary 23
T0024	Low	Open	Ticket summary 24
T0025	Medium	Open	Ticket summary 25
T0026	High	Open	Ticket summary 26
T0027	Low	Open	Ticket summary 27
T0028	Medium	Open	Ticket summary 28
T0029	High	Open	Ticket summary 29
T0030	Low	Open	Ticket summary 30
T0031	Medium	Open	Ticket summary 31
T0032	High	Open	Ticket summary 32
T0033	Low	Open	Ticket summary 33
T0034	Medium	Open	Ticket summary 34
T0035	High	Open	Ticket summary 35
T0036	Low	Open	Ticket summary 36
T0037	Medium	Open	Ticket summary 37
T0038	High	Open	Ticket summary 38
T0039	Low	Open	Ticket summary 39
T0040	Medium	Open	Ticket summary 40
T0041	High	Open	Ticket summary 41
T0042	Low	Open	Ticket summary 42
T0043	Medium	Open	Ticket summary 43
T0044	High	Open	Ticket summary 44
T0045	Low	Open	Ticket summary 45
T0046	Medium	Open	Ticket summary 46
T0047	High	Open	Ticket summary 47
T0048	Low	Open	Ticket summary 48
T0049	Medium	Open	Ticket summary 49
T0050	High	Open	Ticket summary 50
T0051	Low	Open	Ticket summary 51
T0052	Medium	Open	Ticket summary 52
T0053	High	Open	Ticket summary 53
T0054	Low	Open	Ticket summary 54
T0055	Medium	Open	Ticket summary 55
T0056	High	Open	Ticket summary 56
T0057	Low	Open	Ticket summary 57
T0058	Medium	Open	Ticket summary 58
T0059	High	Open	Ticket summary 59
T0060	Low	Open	Ticket summary 60
T0061	Medium	Open	Ticket summary 61
T0062	High	Open	Ticket summary 62
T0063	Low	Open	Ticket summary 63
T0064	Medium	Open	Ticket summary 64
T0065	High	Open	Ticket summary 65
T0066	Low	Open	Ticket summary 66
T0067	Medium	Open	Ticket summary 67
T0068	High	Open	Ticket summary 68
T0069	Low	Open	Ticket summary 69
T0070	Medium	Open	Ticket summary 70
T0071	High	Open	Ticket summary 71
T0072	Low	Open	Ticket summary 72
T0073	Medium	Open	Ticket summary 73
T0074	High	Open	Ticket summary 74
T0075	Low	Open	Ticket summary 75
T0076	Medium	Open	Ticket summary 76
T0077	High	Open	Ticket summary 77
T0078	Low	Open	Ticket summary 78
T0079	Medium	Open	Ticket summary 79
T0080	High	Open	Ticket summary 80
T0081	Low	Open	Ticket summary 81
T0082	Medium	Open	Ticket summary 82
T0083	High	Open	Ticket summary 83
T0084	Low	Open	Ticket summary 84
T0085	Medium	Open	Ticket summary 85
T0086	High	Open	Ticket summary 86
T0087	Low	Open	Ticket summary 87
T0088	Medium	Open	Ticket summary 88
T0089	High	Open	Ticket summary 89
T0090	Low	Open	Ticket summary 90
T0091	Medium	Open	Ticket summary 91
T0092	High	Open	Ticket summary 92
T0093	Low	Open	Ticket summary 93
T0094	Medium	Open	Ticket summary 94
T0095	High	Open	Ticket summary 95
T0096	Low	Open	Ticket summary 96
T0097	Medium	Open	Ticket summary 97
T0098	High	Open	Ticket summary 98
T0099	Low	Open	Ticket summary 99
T0100	Medium	Open	Ticket summary 100
